<?xml version="1.0" encoding="UTF-8"?>
<GenRun Id="synth_1" LaunchPart="xc7z020clg484-1" LaunchTime="1560112492">
  <File Type="RUN-SRCS" Name="$PDATADIR/runs/synth_1/sources.xml"/>
  <File Type="RDS-UTIL-PB" Name="Multicycle_MIPS_utilization_synth.pb"/>
  <File Type="RDS-DCP" Name="Multicycle_MIPS.dcp"/>
  <File Type="RUN-CONSTRS" Name="$PDATADIR/runs/synth_1/constrs_in.xml"/>
  <File Type="RDS-UTIL" Name="Multicycle_MIPS_utilization_synth.rpt"/>
  <File Type="PA-TCL" Name="Multicycle_MIPS.tcl"/>
  <File Type="RUN-STRAT" Name="$PDATADIR/runs/synth_1/synth_1.psg"/>
  <File Type="VDS-TIMINGSUMMARY" Name="Multicycle_MIPS_timing_summary_synth.rpt"/>
  <File Type="RDS-RDS" Name="Multicycle_MIPS.vds"/>
  <File Type="VDS-TIMING-PB" Name="Multicycle_MIPS_timing_summary_synth.pb"/>
  <File Type="VDS-HWDEF" Name="$PSDKDIR/SDK/SDK_Export/hw/Multicycle_MIPS.hwdef"/>
  <FileSet Name="sources" Type="DesignSrcs" RelSrcDir="$PSRCDIR/sources_1">
    <Filter Type="Srcs"/>
    <File Path="$PSRCDIR/sources_1/imports/sources_1/new/Registers.vhd">
      <FileInfo>
        <Attr Name="ImportPath" Val="$PPRDIR/../../CON MEMORIA/Arqui1Entrega/Arqui1 Lab Definitivo.srcs/sources_1/new/Registers.vhd"/>
        <Attr Name="ImportTime" Val="1559056264"/>
        <Attr Name="UsedIn" Val="synthesis"/>
        <Attr Name="UsedIn" Val="simulation"/>
      </FileInfo>
    </File>
    <File Path="$PSRCDIR/sources_1/imports/sources_1/new/ALU.vhd">
      <FileInfo>
        <Attr Name="ImportPath" Val="$PPRDIR/../../CON MEMORIA/Arqui1Entrega/Arqui1 Lab Definitivo.srcs/sources_1/new/ALU.vhd"/>
        <Attr Name="ImportTime" Val="1559056264"/>
        <Attr Name="UsedIn" Val="synthesis"/>
        <Attr Name="UsedIn" Val="simulation"/>
      </FileInfo>
    </File>
    <File Path="$PSRCDIR/sources_1/imports/sources_1/imports/MaterialLab2/ControlUnit.vhd">
      <FileInfo>
        <Attr Name="ImportPath" Val="$PPRDIR/../../CON MEMORIA/Arqui1Entrega/Arqui1 Lab Definitivo.srcs/sources_1/imports/MaterialLab2/ControlUnit.vhd"/>
        <Attr Name="ImportTime" Val="1559056266"/>
        <Attr Name="UsedIn" Val="synthesis"/>
        <Attr Name="UsedIn" Val="simulation"/>
      </FileInfo>
    </File>
    <File Path="$PSRCDIR/sources_1/imports/sources_1/imports/MaterialLab2/Multicycle_MIPS.vhd">
      <FileInfo>
        <Attr Name="ImportPath" Val="$PPRDIR/../../CON MEMORIA/Arqui1Entrega/Arqui1 Lab Definitivo.srcs/sources_1/imports/MaterialLab2/Multicycle_MIPS.vhd"/>
        <Attr Name="ImportTime" Val="1559680539"/>
        <Attr Name="UsedIn" Val="synthesis"/>
        <Attr Name="UsedIn" Val="simulation"/>
      </FileInfo>
    </File>
    <File Path="$PSRCDIR/sources_1/imports/sources_1/imports/MaterialLab2/memory.vhd">
      <FileInfo>
        <Attr Name="ImportPath" Val="$PPRDIR/../../CON MEMORIA/Arqui1Entrega/Arqui1 Lab Definitivo.srcs/sources_1/imports/MaterialLab2/memory.vhd"/>
        <Attr Name="ImportTime" Val="1556885640"/>
        <Attr Name="UsedIn" Val="synthesis"/>
        <Attr Name="UsedIn" Val="simulation"/>
      </FileInfo>
    </File>
    <Config>
      <Option Name="DesignMode" Val="RTL"/>
      <Option Name="TopModule" Val="Multicycle_MIPS"/>
      <Option Name="TopAutoSet" Val="TRUE"/>
    </Config>
  </FileSet>
  <FileSet Name="constrs_in" Type="Constrs" RelSrcDir="$PSRCDIR/constrs_1">
    <Filter Type="Constrs"/>
    <Config>
      <Option Name="ConstrsType" Val="XDC"/>
    </Config>
  </FileSet>
  <Strategy Version="1" Minor="2">
    <StratHandle Name="Vivado Synthesis Defaults" Flow="Vivado Synthesis 2014"/>
    <Step Id="synth_design"/>
  </Strategy>
</GenRun>
